variance,skewness,curtosis,entropy,class
3.6216,8.6661,-2.8073,-0.44699,0
4.5459,8.1674,-2.4586,-1.4621,0
3.866,-2.6383,1.9242,0.10645,0
1.4378,0.66837,-2.0267,1.0271,1
2.1943,4.5503,-4.976,-2.7254,1
0.7376,4.8525,-4.7986,-5.6659,1